File	Terminals	Reading time (s)	Encoding time (s)	Total time (s)	Current memory (KB)	Peak memory (KB)
3.newick	7577	3.0867395401000977	4229.432341575623	4232.519083499908	10204.562	125030.164
4.newick	6764	2.321960926055908	3356.787552833557	3359.1095159053802	9368.768	100628.926
